joint1,2,3,4,5,6,7,manip,x,y,z,force
0.141995,1.28715,2.33458,-1.41637,-1.33245,-0.799935,-0.271214,0.0850565,0.321289,0.333386,0.972602,-3.847,
0.1422,1.28718,2.33483,-1.41752,-1.3314,-0.799959,-0.273022,0.0850178,0.320772,0.333369,0.97258,-1.047,
0.142548,1.28707,2.33518,-1.41879,-1.33002,-0.799931,-0.275308,0.0849612,0.320099,0.333362,0.972626,-2.147,
0.142911,1.28698,2.33548,-1.42001,-1.32871,-0.799933,-0.277517,0.0849102,0.319448,0.333373,0.972658,-3.247,
0.14324,1.28695,2.33575,-1.42126,-1.32748,-0.799973,-0.279651,0.0848654,0.318825,0.333384,0.972654,-4.047,
0.143504,1.28697,2.33597,-1.42239,-1.32643,-0.800034,-0.281489,0.0848301,0.318293,0.333394,0.972624,-2.847,
0.143744,1.28695,2.33616,-1.42327,-1.32554,-0.800064,-0.283019,0.0847978,0.317846,0.333402,0.972623,-1.047,
0.144001,1.28682,2.33637,-1.42396,-1.3247,-0.800041,-0.2844,0.0847624,0.317431,0.333409,0.972677,-1.547,
0.144226,1.2867,2.33654,-1.42455,-1.32397,-0.80002,-0.285586,0.0847316,0.317074,0.333415,0.972726,-2.447,
0.144408,1.28664,2.33669,-1.42511,-1.32334,-0.800023,-0.286641,0.0847071,0.316761,0.333421,0.972746,-2.047,
0.144567,1.28657,2.33681,-1.42556,-1.32281,-0.800018,-0.287516,0.0846857,0.3165,0.333426,0.972773,-3.447,
0.144694,1.28656,2.33691,-1.42605,-1.32233,-0.800044,-0.288348,0.0846691,0.316257,0.333431,0.972766,-4.147,
0.144785,1.28661,2.33698,-1.42655,-1.32193,-0.800094,-0.289082,0.0846579,0.316049,0.333435,0.972732,-2.947,
0.144881,1.28661,2.33705,-1.42692,-1.32156,-0.800114,-0.289709,0.0846454,0.315866,0.333438,0.972727,-2.247,
0.144978,1.28656,2.33713,-1.42717,-1.32125,-0.800106,-0.290217,0.0846324,0.315713,0.333441,0.972749,-1.347,
0.145087,1.28645,2.33721,-1.42733,-1.32095,-0.800073,-0.29067,0.0846173,0.315571,0.333443,0.972796,-1.447,
0.145186,1.28635,2.33729,-1.42744,-1.32069,-0.800035,-0.291053,0.0846035,0.315448,0.333445,0.972846,-3.747,
0.145233,1.28637,2.33732,-1.42768,-1.32049,-0.800058,-0.291412,0.0845978,0.315346,0.333448,0.972831,-4.847,
0.145343,1.28647,2.33758,-1.4289,-1.31946,-0.800109,-0.293158,0.0845619,0.314859,0.333397,0.972777,-1.647,
0.145512,1.28641,2.33789,-1.42999,-1.31832,-0.80008,-0.294967,0.0845144,0.314338,0.333339,0.972803,-0.047,
0.14569,1.28624,2.33818,-1.43071,-1.31739,-0.799998,-0.29637,0.08447,0.313922,0.333293,0.972888,-4.047,
0.145797,1.28626,2.3384,-1.4316,-1.31655,-0.800011,-0.297743,0.0844381,0.313532,0.333251,0.972876,-3.947,
0.145666,1.28638,2.33879,-1.43291,-1.31545,-0.799956,-0.299398,0.0843899,0.313094,0.333083,0.972841,-1.947,
0.145538,1.2864,2.33921,-1.43404,-1.31437,-0.799835,-0.300925,0.0843364,0.312683,0.332903,0.972865,-2.547,
0.14544,1.28642,2.33955,-1.43497,-1.31348,-0.799743,-0.302179,0.0842932,0.312345,0.33276,0.972882,-2.147,
0.145353,1.28642,2.33987,-1.43582,-1.31266,-0.79965,-0.303343,0.0842522,0.312031,0.332626,0.972906,-2.947,
0.145259,1.28646,2.34017,-1.43666,-1.31188,-0.799582,-0.304451,0.0842155,0.311735,0.3325,0.97291,-2.947,
0.144981,1.28655,2.3406,-1.43777,-1.31092,-0.799445,-0.305736,0.0841651,0.31141,0.332274,0.972911,-3.547,
0.144673,1.28668,2.34104,-1.43894,-1.30994,-0.799316,-0.307045,0.0841148,0.311084,0.332038,0.972897,-2.847,
0.144425,1.28676,2.34142,-1.4399,-1.30911,-0.799197,-0.30814,0.0840714,0.310809,0.33184,0.972898,-2.947,
0.144208,1.28683,2.34175,-1.44074,-1.30838,-0.799091,-0.309104,0.0840329,0.310566,0.331666,0.972901,-4.047,
0.143999,1.28694,2.34202,-1.44154,-1.30775,-0.799029,-0.309963,0.0840024,0.310354,0.331514,0.972873,-2.947,
0.143837,1.287,2.34226,-1.44216,-1.30721,-0.798957,-0.31067,0.0839749,0.310177,0.331386,0.97287,-2.447,
0.143699,1.28702,2.34249,-1.44269,-1.30671,-0.798873,-0.311313,0.0839475,0.310013,0.331268,0.972886,-2.347,
0.143585,1.28702,2.34269,-1.44313,-1.30628,-0.798795,-0.311862,0.0839232,0.309872,0.331167,0.972906,-2.647,
0.143326,1.28709,2.3432,-1.44446,-1.30505,-0.798651,-0.313517,0.0838618,0.309442,0.330918,0.972918,-1.447,
0.143096,1.2871,2.34372,-1.44571,-1.30383,-0.798483,-0.315143,0.0837982,0.309013,0.330675,0.972959,-3.447,
0.142862,1.28718,2.34416,-1.44692,-1.30274,-0.798374,-0.316626,0.0837453,0.30863,0.330456,0.972956,-4.747,
0.142629,1.28734,2.34452,-1.44809,-1.30182,-0.798328,-0.317943,0.0837043,0.308297,0.330266,0.972905,-3.047,
0.142447,1.28742,2.34485,-1.44903,-1.301,-0.798255,-0.319074,0.0836651,0.308005,0.3301,0.972895,-1.147,
0.142333,1.28737,2.34515,-1.44967,-1.30029,-0.798138,-0.319983,0.0836264,0.307761,0.329961,0.972945,-2.747,
0.141947,1.28746,2.3459,-1.45163,-1.29847,-0.797939,-0.322422,0.0835362,0.307128,0.329591,0.972962,-3.947,
0.14152,1.28764,2.34664,-1.45375,-1.29662,-0.79778,-0.32495,0.0834481,0.306479,0.329211,0.972935,-3.147,
0.141172,1.28776,2.34727,-1.45549,-1.29506,-0.79764,-0.327064,0.083373,0.305934,0.328892,0.972925,-2.847,
0.140874,1.28784,2.34783,-1.45699,-1.29367,-0.797506,-0.328922,0.0833057,0.305453,0.32861,0.972929,-2.747,
0.140388,1.28796,2.34869,-1.45924,-1.2916,-0.797295,-0.331661,0.0832042,0.304749,0.328173,0.972936,-2.047,
0.139982,1.28803,2.34958,-1.46162,-1.28932,-0.797094,-0.334734,0.0830949,0.303941,0.32774,0.972962,-4.147,
0.139708,1.28814,2.35032,-1.46394,-1.28718,-0.797013,-0.337756,0.0830015,0.303138,0.327393,0.972936,-3.147,
0.139487,1.28821,2.35099,-1.46599,-1.28525,-0.796943,-0.340468,0.0829177,0.302413,0.327089,0.972923,-2.447,
0.139471,1.28817,2.35159,-1.46793,-1.28327,-0.796923,-0.343338,0.0828363,0.301619,0.326861,0.972938,-3.047,
0.139478,1.28815,2.35214,-1.46983,-1.28136,-0.796933,-0.346131,0.0827605,0.300845,0.326653,0.972939,-4.347,
0.139532,1.28817,2.35261,-1.47169,-1.27956,-0.797013,-0.348844,0.082695,0.300091,0.326487,0.972902,-1.747,
0.139637,1.28807,2.35306,-1.47322,-1.27792,-0.797039,-0.351271,0.0826312,0.299405,0.326344,0.972927,-2.547,
0.139801,1.28797,2.35346,-1.47471,-1.27631,-0.797098,-0.353685,0.0825717,0.298715,0.326231,0.972947,-1.747,
0.139968,1.28784,2.35381,-1.47594,-1.27491,-0.797143,-0.35577,0.0825196,0.298115,0.32614,0.97298,-2.447,
0.139725,1.28783,2.35447,-1.47778,-1.27306,-0.797055,-0.358259,0.0824375,0.29745,0.325826,0.973002,-4.447,
0.13946,1.28793,2.3551,-1.47983,-1.27116,-0.797036,-0.360897,0.0823587,0.296752,0.32551,0.972964,-2.747,
0.139374,1.28791,2.35565,-1.48162,-1.26935,-0.797044,-0.363448,0.0822866,0.296054,0.325273,0.972964,-3.247,
0.139301,1.2879,2.35617,-1.48332,-1.26765,-0.797064,-0.365866,0.0822193,0.295391,0.325052,0.97296,-2.747,
0.139241,1.28787,2.35661,-1.48475,-1.26618,-0.797077,-0.367929,0.0821612,0.294824,0.324863,0.972964,-2.847,
0.139193,1.28783,2.35698,-1.48595,-1.26495,-0.797089,-0.369663,0.0821124,0.294348,0.324704,0.972969,-2.347,
0.139157,1.28778,2.35733,-1.48702,-1.26379,-0.79709,-0.371261,0.0820662,0.293906,0.324556,0.972987,-2.447,
0.139005,1.28775,2.35784,-1.48854,-1.26223,-0.797062,-0.373381,0.0820006,0.293333,0.324312,0.973004,-3.847,
0.138817,1.28778,2.35835,-1.49015,-1.26066,-0.797069,-0.375524,0.0819378,0.29276,0.324063,0.972983,-4.747,
0.13864,1.28788,2.35875,-1.4916,-1.25936,-0.797114,-0.377352,0.0818882,0.292277,0.323853,0.972931,-2.147,
0.138527,1.28784,2.35912,-1.49267,-1.25823,-0.797095,-0.378861,0.0818411,0.291868,0.323676,0.972947,-2.147,
0.138433,1.28778,2.35948,-1.49363,-1.25718,-0.797065,-0.380249,0.0817965,0.29149,0.323512,0.972976,-1.847,
0.138357,1.28771,2.35978,-1.49443,-1.25627,-0.797032,-0.381438,0.0817574,0.291165,0.323371,0.97301,-2.347,
0.138286,1.28766,2.36005,-1.49515,-1.25548,-0.797011,-0.382484,0.0817238,0.29088,0.323247,0.973033,-3.147,
0.138214,1.28766,2.36026,-1.4958,-1.25482,-0.797015,-0.383371,0.0816976,0.290641,0.323144,0.97303,-4.447,
0.138124,1.28773,2.36043,-1.4965,-1.25423,-0.797057,-0.384214,0.0816766,0.29042,0.323048,0.972991,-3.747,
0.13805,1.28778,2.36058,-1.49708,-1.25372,-0.797087,-0.384936,0.0816581,0.29023,0.322965,0.972963,-2.647,
0.138007,1.28776,2.36073,-1.49749,-1.25328,-0.797082,-0.385524,0.0816398,0.290071,0.322896,0.97297,-3.047,
0.137964,1.28775,2.36086,-1.49789,-1.25287,-0.797083,-0.386073,0.0816234,0.289922,0.322832,0.972972,-2.147,
0.13794,1.28771,2.36098,-1.49818,-1.25251,-0.797065,-0.386534,0.0816076,0.289795,0.322776,0.972993,-2.047,
0.138173,1.28756,2.36106,-1.49864,-1.25186,-0.797156,-0.387554,0.0815898,0.289481,0.322798,0.973022,-2.147,
0.138437,1.2874,2.36113,-1.49911,-1.25119,-0.797264,-0.388621,0.0815728,0.28915,0.32283,0.973049,-3.147,
0.13864,1.28732,2.36118,-1.49956,-1.25065,-0.797375,-0.389525,0.0815604,0.288874,0.322856,0.973049,-3.947,
0.138804,1.28729,2.3612,-1.50002,-1.25018,-0.797501,-0.390338,0.0815518,0.28863,0.322879,0.973022,-2.947,
0.138958,1.28723,2.36124,-1.50038,-1.24976,-0.797591,-0.391036,0.0815426,0.288418,0.322898,0.973019,-2.447,
0.138889,1.28717,2.36158,-1.50141,-1.24864,-0.797604,-0.392538,0.0814989,0.288006,0.322741,0.973035,-1.247,
0.138804,1.28706,2.36195,-1.50236,-1.24753,-0.797571,-0.393977,0.0814519,0.28761,0.322569,0.973083,-3.947,
0.138698,1.28707,2.36225,-1.50335,-1.24655,-0.797604,-0.395305,0.0814149,0.287253,0.322418,0.973067,-5.747,
0.138562,1.2872,2.36247,-1.50437,-1.24573,-0.797699,-0.396493,0.0813886,0.286944,0.322286,0.972987,-2.847,
0.138481,1.28721,2.36269,-1.50512,-1.24499,-0.797725,-0.397499,0.0813605,0.286673,0.322171,0.972977,-1.047,
0.138454,1.28709,2.36292,-1.50559,-1.24434,-0.797684,-0.398306,0.0813318,0.286446,0.322074,0.973031,-2.447,
0.138412,1.28703,2.36311,-1.50608,-1.24375,-0.797672,-0.399068,0.0813073,0.286236,0.321985,0.973056,-3.947,
0.138347,1.28706,2.36325,-1.50662,-1.24326,-0.797707,-0.399749,0.0812902,0.286055,0.321908,0.973032,-3.947,
0.138287,1.28711,2.36336,-1.5071,-1.24286,-0.797746,-0.400325,0.0812765,0.285904,0.321843,0.973003,-2.947,
0.138247,1.2871,2.36348,-1.50748,-1.24247,-0.797759,-0.400846,0.0812619,0.285763,0.321783,0.973,-1.847,
0.138234,1.28704,2.3636,-1.50772,-1.24212,-0.797736,-0.401275,0.0812464,0.285642,0.321732,0.973031,-1.647,
0.138231,1.28695,2.36371,-1.5079,-1.24182,-0.797703,-0.401628,0.0812323,0.28554,0.321688,0.973072,-3.247,
0.13799,1.28697,2.36409,-1.50891,-1.24081,-0.79767,-0.402885,0.0811886,0.285217,0.321472,0.973072,-2.847,
0.137727,1.28699,2.3645,-1.50998,-1.23975,-0.797632,-0.404199,0.0811424,0.28488,0.321241,0.973073,-4.147,
0.137499,1.28706,2.3648,-1.51091,-1.23891,-0.797633,-0.405268,0.0811079,0.28461,0.321057,0.973044,-4.347,
0.137276,1.28716,2.36508,-1.51181,-1.23813,-0.79765,-0.406278,0.081077,0.284357,0.320884,0.973001,-2.347,
0.137102,1.28714,2.36537,-1.51253,-1.23737,-0.797611,-0.407197,0.0810432,0.284119,0.320721,0.973018,-1.647,
0.136989,1.28707,2.3656,-1.51299,-1.2368,-0.797557,-0.407863,0.0810161,0.283943,0.3206,0.973056,-2.647,
0.136869,1.28705,2.36581,-1.51348,-1.23626,-0.797525,-0.408509,0.0809919,0.283775,0.320485,0.973073,-2.947,
0.136764,1.28705,2.36598,-1.51391,-1.23582,-0.797511,-0.409044,0.0809732,0.283637,0.320391,0.973074,-3.547,
0.136655,1.28709,2.36612,-1.51435,-1.23542,-0.797514,-0.409551,0.080957,0.283509,0.320304,0.97306,-3.047,
0.136567,1.2871,2.36625,-1.51471,-1.23508,-0.79751,-0.409982,0.0809425,0.283399,0.320228,0.973056,-2.947,
0.136493,1.2871,2.36637,-1.51501,-1.23477,-0.7975,-0.410357,0.0809293,0.283302,0.320162,0.973058,-3.147,
0.136429,1.28711,2.36646,-1.51527,-1.23452,-0.797497,-0.410674,0.0809187,0.283222,0.320107,0.973054,-3.347,
0.136297,1.28706,2.36694,-1.51689,-1.23283,-0.797586,-0.41294,0.080858,0.282603,0.319865,0.973043,-0.547,
0.13621,1.28686,2.3675,-1.51844,-1.23098,-0.797616,-0.415356,0.0807871,0.28193,0.319608,0.973106,-4.347,
0.136092,1.28683,2.36792,-1.51991,-1.22947,-0.797718,-0.417397,0.0807344,0.281373,0.319394,0.973084,-4.347,
0.136327,1.28672,2.36814,-1.52132,-1.22797,-0.798003,-0.41969,0.0806972,0.280704,0.319336,0.97304,-3.247,
0.13663,1.28654,2.36833,-1.52257,-1.22652,-0.798274,-0.421899,0.0806616,0.280048,0.319305,0.973027,-1.247,
0.136913,1.28629,2.36854,-1.5235,-1.22526,-0.798447,-0.423747,0.0806266,0.279491,0.319274,0.973073,-3.547,
0.137018,1.28613,2.36891,-1.52505,-1.22352,-0.798657,-0.426219,0.0805739,0.278783,0.319124,0.973068,-2.047,
0.137095,1.28595,2.36928,-1.52643,-1.2219,-0.798813,-0.428455,0.0805225,0.278142,0.318971,0.973089,-3.047,
0.137163,1.2858,2.36961,-1.52771,-1.22044,-0.798976,-0.430499,0.0804773,0.277558,0.318834,0.973094,-4.947,
0.137185,1.28578,2.36986,-1.52896,-1.2192,-0.799177,-0.432294,0.080443,0.277053,0.318716,0.97304,-2.747,
0.137232,1.28569,2.3701,-1.52995,-1.21809,-0.799313,-0.433843,0.0804097,0.276611,0.318612,0.973036,-2.947,
0.136886,1.28566,2.37065,-1.53144,-1.21654,-0.799315,-0.43573,0.0803474,0.27612,0.31829,0.97304,-1.247,
0.136518,1.28558,2.37125,-1.53284,-1.21497,-0.799258,-0.437571,0.0802802,0.275641,0.317947,0.973085,-3.547,
0.13619,1.28558,2.37173,-1.53412,-1.21365,-0.799259,-0.439152,0.0802273,0.275234,0.317662,0.973081,-3.447,
0.135903,1.28561,2.37212,-1.53524,-1.21255,-0.799274,-0.440491,0.0801836,0.274892,0.31742,0.973064,-2.947,
0.135647,1.2856,2.3725,-1.53623,-1.21152,-0.799275,-0.441722,0.0801422,0.274575,0.317196,0.973064,-3.447,
0.13542,1.28561,2.37281,-1.53711,-1.21064,-0.799287,-0.442787,0.0801075,0.274302,0.317004,0.973053,-2.147,
0.135248,1.28557,2.3731,-1.53778,-1.20989,-0.799269,-0.443666,0.0800762,0.274073,0.316842,0.973073,-2.647,
0.135086,1.28554,2.37336,-1.53841,-1.20919,-0.799257,-0.444483,0.0800476,0.27386,0.316692,0.973088,-3.247,
0.135161,1.28535,2.37374,-1.54,-1.20738,-0.799506,-0.446992,0.0799954,0.273141,0.316522,0.973082,-1.747,
0.135297,1.28509,2.37411,-1.54146,-1.20557,-0.799737,-0.449476,0.0799428,0.272417,0.316371,0.973113,-2.647,
0.135406,1.28487,2.37444,-1.5428,-1.20395,-0.799957,-0.451706,0.0798966,0.27177,0.316232,0.973129,-4.947,
0.135463,1.2848,2.37469,-1.54412,-1.20258,-0.800218,-0.453672,0.0798616,0.271209,0.316112,0.973078,-3.747,
0.13552,1.28471,2.3749,-1.54519,-1.20142,-0.800424,-0.455311,0.0798314,0.270738,0.316012,0.973049,-2.247,
0.135599,1.28455,2.37513,-1.54608,-1.20033,-0.800574,-0.456807,0.0798004,0.270301,0.315919,0.973067,-2.947,
0.135659,1.28443,2.37531,-1.54683,-1.19943,-0.800709,-0.458046,0.0797756,0.269941,0.315842,0.973072,-2.447,
0.135721,1.2843,2.37548,-1.5475,-1.19859,-0.800826,-0.459192,0.079752,0.269606,0.31577,0.973085,-3.447,
0.135836,1.28414,2.37569,-1.54856,-1.19736,-0.801049,-0.460929,0.0797208,0.269098,0.315682,0.973077,-3.847,
0.135944,1.28402,2.37588,-1.54963,-1.19616,-0.801289,-0.462638,0.0796919,0.2686,0.315598,0.973051,-2.447,
0.136054,1.28386,2.37607,-1.55046,-1.19513,-0.801462,-0.464072,0.0796652,0.268176,0.315527,0.973061,-2.447,
0.136153,1.2837,2.37623,-1.55114,-1.19426,-0.801601,-0.465275,0.0796422,0.26782,0.315466,0.973079,-2.447,
0.136246,1.28356,2.37637,-1.55176,-1.19345,-0.80173,-0.466388,0.0796209,0.267489,0.31541,0.973095,-3.047,
0.136393,1.28337,2.37657,-1.55276,-1.19225,-0.801961,-0.468094,0.0795915,0.266984,0.315336,0.973097,-3.147,
0.136531,1.28321,2.37674,-1.5537,-1.19112,-0.802186,-0.469692,0.0795646,0.26651,0.315267,0.973092,-2.747,
0.136547,1.283,2.37712,-1.55515,-1.18941,-0.802425,-0.47197,0.0795159,0.265857,0.315079,0.973097,-3.247,
0.136527,1.28283,2.37749,-1.55658,-1.18777,-0.802657,-0.474153,0.0794688,0.265235,0.314886,0.973092,-1.947,
0.136534,1.28263,2.37781,-1.55767,-1.18641,-0.802822,-0.475924,0.0794287,0.264725,0.31473,0.973118,-4.147,
0.136788,1.28243,2.37794,-1.55875,-1.18513,-0.803158,-0.47782,0.0794041,0.264152,0.314696,0.973094,-3.447,
0.136482,1.28235,2.3785,-1.5605,-1.18326,-0.803321,-0.480134,0.0793416,0.263528,0.314358,0.973075,0.853,
0.136695,1.28196,2.37885,-1.56191,-1.18135,-0.803633,-0.482714,0.0792924,0.262757,0.31422,0.97313,0.653,
0.137037,1.28151,2.37911,-1.56309,-1.1796,-0.803959,-0.485133,0.0792514,0.262013,0.31415,0.973205,-3.147,
0.137269,1.28123,2.37931,-1.56426,-1.17812,-0.80429,-0.48723,0.0792192,0.26138,0.314077,0.973211,-2.347,
0.137485,1.28097,2.37949,-1.56526,-1.17681,-0.804579,-0.489066,0.0791908,0.260823,0.314016,0.973224,-0.647,
0.137728,1.2806,2.3797,-1.56606,-1.17553,-0.804792,-0.490788,0.0791597,0.260291,0.313957,0.973301,-2.647,
0.137885,1.2804,2.37983,-1.56675,-1.17461,-0.804992,-0.492077,0.0791395,0.259898,0.313914,0.973318,-3.947,
0.13801,1.28028,2.37992,-1.5675,-1.17375,-0.805225,-0.493325,0.079123,0.259524,0.313872,0.973293,-2.347,
0.138217,1.28002,2.3801,-1.56848,-1.17248,-0.805516,-0.495118,0.0790959,0.258979,0.313811,0.973304,-4.047,
0.1384,1.27983,2.38024,-1.56952,-1.17125,-0.805837,-0.496885,0.0790717,0.258447,0.31375,0.973282,-4.847,
0.138422,1.27969,2.38055,-1.57111,-1.16953,-0.806214,-0.499239,0.0790312,0.257767,0.313573,0.973225,-1.547,
0.138465,1.2794,2.3809,-1.57239,-1.16789,-0.80647,-0.501366,0.0789872,0.257144,0.313397,0.973256,-0.847,
0.138531,1.27907,2.38124,-1.57345,-1.16638,-0.80667,-0.503281,0.0789453,0.256577,0.313238,0.973323,-5.647,
0.138798,1.27889,2.38131,-1.5746,-1.16511,-0.807102,-0.505209,0.0789266,0.255987,0.313214,0.973262,-2.947,
0.13912,1.27864,2.38136,-1.5755,-1.16397,-0.80748,-0.506932,0.0789105,0.255446,0.31322,0.973245,-2.247,
0.139399,1.27836,2.38144,-1.57616,-1.163,-0.807753,-0.508343,0.0788943,0.254999,0.313219,0.973269,-2.147,
0.139663,1.2781,2.3815,-1.57676,-1.1621,-0.808005,-0.509651,0.0788791,0.254583,0.313219,0.973295,-3.547,
0.140141,1.27784,2.38139,-1.57727,-1.16134,-0.808386,-0.510959,0.0788787,0.25414,0.313332,0.973283,-3.147,
0.141008,1.2774,2.38111,-1.57781,-1.16041,-0.80898,-0.512742,0.0788882,0.253508,0.313585,0.973275,-4.547,
0.141817,1.27705,2.3808,-1.57836,-1.15958,-0.809577,-0.514414,0.0789004,0.252917,0.31383,0.973234,-1.747,
0.142545,1.27664,2.38058,-1.5787,-1.15883,-0.81003,-0.515821,0.078907,0.25241,0.314039,0.973258,-3.147,
0.143233,1.27628,2.38036,-1.57908,-1.15812,-0.810488,-0.517181,0.0789149,0.251922,0.31424,0.973259,-1.347,
0.143765,1.27594,2.38022,-1.57925,-1.15758,-0.810785,-0.518164,0.0789181,0.251562,0.314388,0.973301,-4.547,
0.14432,1.27564,2.3801,-1.58,-1.15657,-0.811281,-0.519874,0.0789157,0.250991,0.314504,0.97327,-5.047,
0.144775,1.27543,2.37999,-1.5808,-1.15565,-0.811761,-0.52147,0.0789137,0.250468,0.314593,0.973207,-2.347,
0.145235,1.27512,2.37993,-1.58137,-1.15477,-0.812136,-0.522889,0.0789083,0.249992,0.314677,0.973214,-6.447,
0.145757,1.27485,2.37987,-1.58262,-1.15335,-0.812777,-0.525207,0.0788977,0.24925,0.314737,0.973129,-6.847,
0.14623,1.27465,2.37979,-1.58397,-1.15196,-0.813445,-0.527511,0.0788889,0.24852,0.314788,0.973005,-3.147,
0.146686,1.27433,2.37978,-1.5849,-1.15074,-0.813931,-0.529422,0.0788767,0.2479,0.314832,0.972984,-3.547,
0.147091,1.27403,2.37977,-1.5857,-1.14966,-0.814353,-0.5311,0.0788656,0.247355,0.31487,0.972973,-3.347,
0.147429,1.27378,2.37976,-1.58637,-1.14876,-0.814711,-0.5325,0.0788566,0.246899,0.314902,0.97296,-3.247,
0.147745,1.27355,2.37975,-1.58699,-1.14792,-0.81504,-0.533796,0.0788481,0.246476,0.314932,0.972952,-2.347,
0.148315,1.27319,2.37961,-1.58739,-1.14717,-0.815443,-0.53511,0.0788497,0.246012,0.315071,0.972968,-4.347,
0.148857,1.27294,2.37942,-1.58784,-1.14653,-0.815878,-0.536331,0.0788563,0.245581,0.315221,0.972937,-3.347,
0.14932,1.2727,2.37926,-1.58821,-1.14597,-0.816241,-0.537381,0.078861,0.24521,0.315345,0.972919,-2.947,
0.149721,1.27248,2.37914,-1.58848,-1.1455,-0.816529,-0.538252,0.0788641,0.244899,0.31545,0.97292,-3.947,
0.150363,1.2722,2.37886,-1.58872,-1.14505,-0.816966,-0.53928,0.0788787,0.244509,0.315661,0.972895,-4.647,
0.15104,1.27188,2.37863,-1.58937,-1.14417,-0.817542,-0.540927,0.0788854,0.243934,0.315837,0.972848,-2.847,
0.1517,1.27149,2.37845,-1.58996,-1.14323,-0.818059,-0.542569,0.0788871,0.24336,0.315991,0.972843,-3.047,
0.152174,1.27107,2.3785,-1.59104,-1.14175,-0.818591,-0.544787,0.0788679,0.242641,0.316001,0.972844,-3.547,
0.152559,1.27071,2.37858,-1.59217,-1.14028,-0.819102,-0.546945,0.078847,0.241953,0.315979,0.972828,-2.247,
0.152903,1.27035,2.37865,-1.593,-1.13908,-0.819495,-0.548689,0.0788291,0.24139,0.315966,0.972846,-2.747,
0.153599,1.26985,2.37855,-1.59385,-1.13776,-0.820097,-0.550825,0.0788217,0.240661,0.316081,0.972857,-4.047,
0.154275,1.26944,2.37839,-1.59468,-1.13659,-0.820715,-0.552805,0.0788201,0.239983,0.316214,0.972829,-3.147,
0.154855,1.26907,2.37827,-1.59537,-1.13557,-0.821231,-0.554503,0.0788175,0.2394,0.316322,0.972819,-3.747,
0.155338,1.26862,2.37834,-1.5967,-1.13383,-0.821867,-0.557074,0.0787944,0.238572,0.316303,0.972799,-3.047,
0.155794,1.26815,2.37845,-1.59804,-1.13205,-0.822486,-0.559665,0.0787684,0.23774,0.316264,0.972793,-6.147,
0.156143,1.26788,2.37848,-1.59935,-1.1306,-0.823094,-0.561878,0.0787516,0.237039,0.316235,0.97271,-3.647,
0.15646,1.26759,2.37853,-1.60036,-1.12936,-0.82357,-0.563727,0.0787353,0.236447,0.316209,0.972679,-0.747,
0.156805,1.26716,2.37863,-1.60108,-1.12815,-0.823923,-0.565398,0.0787154,0.235898,0.316186,0.972737,-4.447,
0.157058,1.26692,2.37867,-1.60188,-1.12716,-0.824306,-0.566868,0.0787026,0.235426,0.316166,0.972712,-2.447,
0.15796,1.26637,2.37839,-1.60245,-1.1261,-0.824984,-0.568791,0.0787105,0.234724,0.316391,0.972718,-2.347,
0.158935,1.26578,2.37807,-1.60294,-1.12507,-0.825669,-0.570696,0.0787207,0.234015,0.316646,0.97274,-5.347,
0.159777,1.2654,2.37772,-1.60362,-1.12416,-0.826399,-0.572503,0.0787349,0.233359,0.316877,0.972667,-2.147,
0.160443,1.26499,2.37751,-1.60396,-1.12346,-0.826871,-0.57381,0.0787418,0.232872,0.317049,0.972681,-0.947,
0.161105,1.26452,2.37733,-1.60416,-1.12275,-0.827272,-0.575033,0.0787457,0.232408,0.317212,0.972743,-4.647,
0.161599,1.26428,2.37713,-1.60454,-1.12223,-0.82769,-0.576071,0.0787538,0.232028,0.317347,0.972707,-4.047,
0.162166,1.26394,2.37698,-1.60529,-1.12123,-0.828261,-0.577774,0.0787533,0.231439,0.317448,0.972667,-0.547,
0.162738,1.26343,2.37693,-1.60581,-1.12018,-0.8287,-0.579384,0.0787455,0.230871,0.317528,0.972729,-4.047,
0.163196,1.26311,2.37683,-1.60639,-1.11933,-0.829144,-0.58078,0.078743,0.230388,0.317601,0.972716,-4.647,
0.163557,1.26292,2.37673,-1.60699,-1.11864,-0.829561,-0.581971,0.078743,0.229981,0.317661,0.972665,-2.547,
0.163922,1.26264,2.37666,-1.60741,-1.11797,-0.829895,-0.583052,0.0787403,0.229604,0.317717,0.972669,-2.547,
0.164344,1.26225,2.37666,-1.60812,-1.11689,-0.830338,-0.584672,0.0787293,0.229056,0.31774,0.972684,-1.647,
0.165161,1.26163,2.3765,-1.60883,-1.11558,-0.831001,-0.586796,0.0787261,0.228297,0.317885,0.972721,-2.847,
0.165911,1.26111,2.37631,-1.60946,-1.11449,-0.831622,-0.588642,0.0787275,0.227631,0.318036,0.972731,-5.947,
0.166544,1.2608,2.37608,-1.61026,-1.11354,-0.832283,-0.590377,0.078733,0.227021,0.31817,0.972652,-2.947,
0.167122,1.26043,2.37591,-1.61082,-1.11269,-0.832801,-0.591848,0.0787352,0.226494,0.318287,0.972636,-0.547,
0.167655,1.25997,2.37582,-1.61109,-1.11193,-0.833151,-0.593045,0.0787327,0.226051,0.318385,0.972704,-3.147,
0.168119,1.25965,2.37571,-1.61146,-1.11126,-0.833533,-0.594177,0.0787333,0.225641,0.318475,0.972714,-3.447,
0.168799,1.25929,2.37542,-1.61176,-1.1107,-0.834036,-0.595351,0.0787459,0.225186,0.318668,0.972698,-1.847,
0.169678,1.25867,2.3752,-1.61239,-1.1095,-0.834728,-0.597388,0.078748,0.22444,0.318847,0.972727,-4.547,
0.170488,1.25816,2.37496,-1.61322,-1.10829,-0.835482,-0.599487,0.0787512,0.223688,0.319005,0.972692,-1.947,
0.171208,1.25764,2.37477,-1.61379,-1.10726,-0.836074,-0.601228,0.0787521,0.223053,0.319143,0.972709,-2.847,
0.17184,1.25719,2.37461,-1.6143,-1.10635,-0.836599,-0.602763,0.078753,0.222494,0.319264,0.972722,-3.447,
0.172356,1.25686,2.37446,-1.61479,-1.1056,-0.837064,-0.604053,0.0787551,0.222027,0.319365,0.972709,-2.647,
0.172846,1.25651,2.37433,-1.61519,-1.1049,-0.837476,-0.60524,0.0787561,0.221594,0.319459,0.972716,-3.547,
0.173555,1.25613,2.37404,-1.61548,-1.10431,-0.837999,-0.606455,0.0787687,0.221119,0.319655,0.972704,-2.647,
0.174226,1.25575,2.37377,-1.61567,-1.10381,-0.838455,-0.607508,0.0787809,0.220698,0.319845,0.97271,-1.947,
0.175076,1.25513,2.37356,-1.61629,-1.10263,-0.839135,-0.609488,0.0787823,0.219968,0.320007,0.972741,-3.147,
0.175855,1.25458,2.37336,-1.617,-1.10146,-0.839823,-0.611463,0.0787828,0.21925,0.320146,0.972742,-3.247,
0.17652,1.25412,2.37317,-1.61761,-1.10048,-0.840421,-0.613135,0.0787844,0.218642,0.320268,0.972733,-2.247,
0.177095,1.25369,2.37304,-1.61806,-1.09964,-0.840898,-0.614532,0.0787844,0.218129,0.320369,0.972752,-3.547,
0.177613,1.25334,2.37289,-1.61855,-1.09888,-0.84137,-0.615835,0.0787858,0.217654,0.320464,0.972742,-1.947,
0.17806,1.25299,2.37279,-1.61887,-1.09823,-0.841726,-0.616895,0.0787854,0.217262,0.320542,0.972766,-0.747,
0.1788,1.25247,2.37255,-1.61897,-1.09761,-0.842162,-0.618045,0.0787937,0.216795,0.32073,0.972833,-3.447,
0.179279,1.25207,2.37248,-1.61963,-1.09662,-0.842666,-0.619604,0.0787879,0.216247,0.320774,0.972829,-3.747,
0.179652,1.25176,2.37245,-1.62036,-1.09566,-0.843138,-0.621083,0.0787803,0.215741,0.320786,0.972806,-3.047,
0.180312,1.25132,2.37225,-1.62087,-1.0948,-0.843706,-0.622596,0.0787841,0.215178,0.320917,0.972801,-4.647,
0.181339,1.25077,2.37181,-1.6214,-1.0939,-0.844527,-0.624438,0.0788025,0.214459,0.321188,0.972758,-3.247,
0.182332,1.25022,2.3714,-1.62182,-1.09307,-0.845276,-0.626142,0.0788195,0.213785,0.32145,0.972741,-2.747,
0.18316,1.24972,2.37108,-1.62211,-1.09237,-0.84587,-0.627533,0.0788323,0.213231,0.321664,0.972748,-1.947,
0.183945,1.24922,2.37079,-1.62233,-1.0917,-0.8464,-0.628816,0.0788432,0.212714,0.321864,0.972777,-2.847,
0.184584,1.24884,2.37055,-1.62255,-1.09117,-0.846854,-0.629877,0.078853,0.212289,0.322028,0.972786,-1.647,
0.185029,1.24838,2.37054,-1.62315,-1.09014,-0.847299,-0.631399,0.0788427,0.211753,0.322044,0.972821,-4.647,
0.185332,1.2481,2.37054,-1.62394,-1.08917,-0.847767,-0.632874,0.0788326,0.211257,0.322022,0.972785,-3.347,
0.185603,1.24784,2.37053,-1.62455,-1.08837,-0.848146,-0.634077,0.0788245,0.210847,0.322011,0.972767,-1.747,
0.185869,1.24752,2.37056,-1.62498,-1.08763,-0.848431,-0.635126,0.0788148,0.210483,0.322,0.9728,-4.647,
0.186215,1.24718,2.37057,-1.62589,-1.08649,-0.848971,-0.63684,0.0788023,0.209905,0.321969,0.972764,-3.247,
0.186557,1.24682,2.3706,-1.62674,-1.08537,-0.849477,-0.638497,0.0787891,0.209345,0.321936,0.972746,-2.447,
0.187159,1.24635,2.37046,-1.62726,-1.08445,-0.850013,-0.64001,0.0787881,0.208785,0.322026,0.972761,-2.447,
0.187521,1.24579,2.37063,-1.6285,-1.08271,-0.850647,-0.642398,0.0787593,0.207995,0.321905,0.972778,-3.847,
0.187735,1.24535,2.37084,-1.62986,-1.08101,-0.851254,-0.644699,0.0787283,0.207256,0.321738,0.972757,-1.147,
0.187967,1.24487,2.37104,-1.6308,-1.0796,-0.851698,-0.646552,0.0787012,0.206648,0.321611,0.972802,-3.247,
0.188159,1.24449,2.37121,-1.63177,-1.0783,-0.852151,-0.648293,0.0786776,0.206082,0.32149,0.972807,-4.447,
0.188911,1.24399,2.37096,-1.63251,-1.07725,-0.852902,-0.650156,0.078682,0.20539,0.321621,0.972764,-4.847,
0.189669,1.24355,2.37065,-1.63313,-1.07637,-0.853623,-0.651803,0.0786915,0.204762,0.321782,0.972709,-2.347,
0.190125,1.24295,2.37076,-1.63435,-1.07465,-0.854335,-0.654234,0.0786672,0.203939,0.321694,0.972717,0.253,
0.190499,1.24228,2.37098,-1.63542,-1.0729,-0.854906,-0.656539,0.0786358,0.203165,0.321562,0.972795,-2.847,
0.190799,1.24181,2.37111,-1.63639,-1.07152,-0.855437,-0.658441,0.0786135,0.202528,0.321463,0.972809,-4.647,
0.191042,1.24147,2.37119,-1.63745,-1.07026,-0.855997,-0.660235,0.0785953,0.201936,0.32137,0.972763,-3.647,
0.19126,1.24116,2.37127,-1.63832,-1.06917,-0.856467,-0.66177,0.0785793,0.201427,0.32129,0.972737,-3.047,
0.191454,1.24086,2.37135,-1.63901,-1.06825,-0.856842,-0.66305,0.078565,0.200999,0.321222,0.972734,-1.647,
0.191656,1.24051,2.37144,-1.63955,-1.06737,-0.857149,-0.66422,0.0785501,0.200603,0.32116,0.97277,-3.047,
0.191816,1.24026,2.37151,-1.64007,-1.06663,-0.857441,-0.665235,0.0785384,0.200262,0.321106,0.972776,-3.847,
0.191935,1.24009,2.37155,-1.64059,-1.06602,-0.857718,-0.666099,0.0785299,0.199975,0.321061,0.972752,-3.247,
0.192401,1.2397,2.37145,-1.64118,-1.06514,-0.85824,-0.667503,0.0785266,0.199464,0.321101,0.972741,-3.547,
0.192927,1.23928,2.37132,-1.64179,-1.06424,-0.858812,-0.668985,0.0785252,0.198918,0.32116,0.972723,-3.147,
0.193262,1.23881,2.3714,-1.64278,-1.06288,-0.8594,-0.670893,0.078506,0.19827,0.321077,0.972717,-1.347,
0.193603,1.23826,2.37154,-1.6437,-1.06144,-0.859942,-0.67283,0.0784829,0.19761,0.320977,0.97276,-0.147,
0.194221,1.23759,2.3715,-1.64421,-1.06027,-0.860488,-0.674536,0.0784739,0.196973,0.321017,0.972842,-5.047,
0.194791,1.23715,2.37134,-1.64495,-1.05926,-0.861156,-0.676207,0.0784725,0.19636,0.321075,0.972803,-4.747,
0.195255,1.23683,2.3712,-1.64566,-1.05841,-0.861755,-0.677645,0.0784722,0.195838,0.321121,0.972741,-2.247,
0.195685,1.23643,2.37112,-1.64609,-1.05765,-0.862188,-0.678825,0.0784692,0.195397,0.32116,0.972756,-1.947,
0.196094,1.23603,2.37106,-1.64643,-1.05694,-0.862568,-0.67991,0.0784656,0.194989,0.321196,0.972789,-2.847,
0.196592,1.23553,2.371,-1.64713,-1.05584,-0.863153,-0.681568,0.0784574,0.194388,0.321207,0.972798,-3.247,
0.197038,1.23509,2.37095,-1.64783,-1.05482,-0.863713,-0.683123,0.0784498,0.193828,0.321211,0.972791,-3.147,
0.197759,1.23456,2.37071,-1.64834,-1.05391,-0.864381,-0.684697,0.0784543,0.193215,0.321333,0.972785,-3.047,
0.198464,1.23406,2.37046,-1.64875,-1.05314,-0.864997,-0.686096,0.078461,0.192659,0.321469,0.972783,-3.647,
0.199456,1.23345,2.37003,-1.64912,-1.05235,-0.865793,-0.687708,0.0784781,0.191988,0.321708,0.972766,-2.547,
0.200475,1.23281,2.3696,-1.6494,-1.05158,-0.866559,-0.689275,0.0784952,0.191324,0.321956,0.972774,-1.047,
0.201362,1.23217,2.36927,-1.64953,-1.05089,-0.867154,-0.690582,0.0785075,0.190762,0.322164,0.972829,-2.747,
0.202095,1.2317,2.36897,-1.6497,-1.05034,-0.867691,-0.691695,0.0785193,0.190288,0.322339,0.972843,-2.647,
0.202771,1.23126,2.36869,-1.64988,-1.04983,-0.868194,-0.692725,0.0785304,0.189849,0.322502,0.972852,-4.247,
0.203309,1.23097,2.36843,-1.65012,-1.04943,-0.868651,-0.69359,0.0785412,0.189487,0.322637,0.972821,-1.947,
0.203687,1.23054,2.36842,-1.65067,-1.04852,-0.869105,-0.694926,0.078532,0.189003,0.322624,0.972841,-2.347,
0.203977,1.23014,2.36847,-1.65125,-1.04759,-0.869509,-0.696213,0.0785193,0.188549,0.322577,0.972866,-3.047,
0.20485,1.22958,2.3681,-1.65152,-1.04691,-0.870186,-0.697591,0.0785333,0.187966,0.322781,0.972866,-7.247,
0.205717,1.22922,2.36761,-1.65202,-1.04635,-0.871,-0.69898,0.0785551,0.187386,0.323014,0.972753,-1.047,
0.206938,1.22847,2.36706,-1.65212,-1.04566,-0.871823,-0.700541,0.0785794,0.186683,0.323337,0.972779,0.153,
0.208102,1.22767,2.36659,-1.65204,-1.04501,-0.872505,-0.70192,0.0785999,0.186045,0.323639,0.972867,-6.447,
0.209076,1.22722,2.36605,-1.65236,-1.04451,-0.8733,-0.703243,0.0786249,0.185463,0.323914,0.97279,-3.047,
0.20991,1.22677,2.36564,-1.6525,-1.04408,-0.873909,-0.704316,0.0786438,0.184981,0.324142,0.972771,-2.147,
0.21071,1.22628,2.36528,-1.65253,-1.04365,-0.874426,-0.705294,0.0786596,0.184533,0.324353,0.972797,-2.147,
0.211256,1.22577,2.36518,-1.65299,-1.04276,-0.874954,-0.706686,0.0786559,0.183999,0.324398,0.972824,-3.347,
0.211668,1.22538,2.36512,-1.65355,-1.04192,-0.875449,-0.707989,0.0786501,0.183518,0.324405,0.972817,-3.847,
0.2128,1.22469,2.36461,-1.65395,-1.04107,-0.876359,-0.709762,0.0786694,0.182762,0.324668,0.972792,-4.947,
0.213895,1.2241,2.36407,-1.65433,-1.04037,-0.87725,-0.711378,0.0786919,0.182063,0.324943,0.972737,-1.247,
0.214928,1.22341,2.36365,-1.65448,-1.03967,-0.877963,-0.712814,0.0787084,0.181427,0.325187,0.972773,-2.747,
0.21578,1.22287,2.36328,-1.65462,-1.0391,-0.87857,-0.714006,0.0787228,0.1809,0.325391,0.972789,-3.247,
0.216561,1.2224,2.36293,-1.65481,-1.03859,-0.879158,-0.715121,0.0787371,0.180411,0.32558,0.972781,-4.747,
0.217212,1.22207,2.36259,-1.65507,-1.03818,-0.879711,-0.716095,0.078751,0.17999,0.325743,0.972734,-3.447,
0.217951,1.22154,2.36233,-1.65557,-1.03734,-0.880403,-0.717611,0.0787563,0.179382,0.325861,0.972715,-1.647,
0.218668,1.22095,2.36212,-1.65594,-1.03648,-0.881002,-0.719055,0.0787579,0.178798,0.325962,0.972749,-2.147,
0.219879,1.22009,2.36167,-1.65632,-1.03542,-0.881935,-0.721046,0.0787714,0.177952,0.326202,0.97278,-4.347,
0.22104,1.21937,2.36117,-1.65681,-1.03447,-0.882908,-0.722966,0.0787884,0.177139,0.326446,0.972747,-5.347,
0.221963,1.21885,2.36073,-1.65732,-1.03373,-0.883749,-0.724552,0.0788037,0.176475,0.326644,0.972678,-0.147,
0.222896,1.21815,2.36041,-1.65748,-1.03295,-0.884393,-0.725974,0.0788131,0.175856,0.326828,0.972741,-3.047,
0.22368,1.2176,2.36011,-1.65769,-1.03231,-0.884985,-0.727208,0.0788225,0.175324,0.326986,0.97276,-3.947,
0.224315,1.21722,2.35982,-1.65799,-1.0318,-0.885534,-0.728261,0.0788322,0.174877,0.32712,0.972731,-1.847,
0.224933,1.21678,2.35959,-1.65813,-1.0313,-0.885983,-0.729215,0.0788392,0.174462,0.327243,0.972756,-1.847,
0.225665,1.21615,2.3594,-1.65853,-1.03038,-0.886608,-0.730731,0.0788391,0.173849,0.327331,0.972795,-4.247,
0.226289,1.21568,2.3592,-1.65908,-1.02954,-0.88726,-0.732184,0.0788403,0.173277,0.327401,0.972765,-3.447,
0.226865,1.21524,2.35901,-1.65956,-1.02879,-0.887846,-0.733495,0.0788413,0.172758,0.327467,0.972745,-0.947,
0.227391,1.21456,2.35906,-1.66034,-1.02742,-0.88849,-0.735426,0.0788225,0.172049,0.3274,0.972798,-0.647,
0.227845,1.21389,2.35916,-1.66105,-1.0261,-0.88905,-0.737215,0.078802,0.171396,0.327316,0.972869,-5.747,
0.2282,1.2135,2.35915,-1.66199,-1.025,-0.889706,-0.738889,0.0787887,0.170803,0.327244,0.972808,-3.147,
0.228511,1.21312,2.35917,-1.66269,-1.02406,-0.890213,-0.740261,0.0787764,0.170311,0.327184,0.972789,-3.647,
0.229456,1.2125,2.35877,-1.66307,-1.02327,-0.891003,-0.74182,0.0787882,0.169643,0.327366,0.972775,-3.947,
0.230429,1.21192,2.35832,-1.66337,-1.02263,-0.891785,-0.743239,0.078805,0.169014,0.327585,0.972745,-2.747,
0.230895,1.21135,2.35834,-1.66423,-1.02135,-0.892455,-0.745084,0.0787883,0.168342,0.327512,0.972748,-0.047,
0.231641,1.21053,2.35827,-1.66482,-1.02003,-0.893166,-0.747035,0.0787765,0.167581,0.327521,0.972828,-3.347,
0.232349,1.2099,2.3581,-1.66542,-1.01898,-0.893887,-0.748743,0.0787729,0.166906,0.327569,0.972835,-5.247,
0.23291,1.20948,2.35792,-1.66613,-1.01809,-0.894594,-0.750267,0.0787714,0.166319,0.327602,0.972769,-2.347,
0.233419,1.20901,2.3578,-1.66657,-1.01732,-0.895115,-0.751513,0.0787681,0.165827,0.327631,0.972778,-1.847,
0.233906,1.20853,2.35772,-1.6669,-1.01658,-0.895567,-0.752656,0.078764,0.165371,0.327658,0.972814,-3.147,
0.235078,1.20782,2.35717,-1.66706,-1.01593,-0.896415,-0.754151,0.0787853,0.164676,0.327933,0.972814,-4.047,
0.236301,1.20713,2.35655,-1.66724,-1.01533,-0.89732,-0.755652,0.0788107,0.163969,0.328236,0.972784,-5.247,
0.237302,1.20663,2.35601,-1.6675,-1.01485,-0.898125,-0.756934,0.0788331,0.163375,0.328487,0.972719,-2.247,
0.238186,1.20608,2.35559,-1.66755,-1.0144,-0.89873,-0.757986,0.0788497,0.162873,0.3287,0.97273,-0.947,
0.238996,1.20552,2.35526,-1.66747,-1.01398,-0.899209,-0.758895,0.0788626,0.162428,0.328888,0.972789,-2.947,
0.239595,1.20498,2.35512,-1.66794,-1.01311,-0.899806,-0.760304,0.078859,0.161865,0.328924,0.972801,-4.247,
0.240388,1.20443,2.35481,-1.66844,-1.0123,-0.900564,-0.761815,0.0788651,0.161234,0.32904,0.972766,-2.747,
0.241153,1.20389,2.35451,-1.66872,-1.01165,-0.901193,-0.763069,0.0788726,0.160689,0.329171,0.972767,-5.147,
0.241818,1.20349,2.3542,-1.66912,-1.01107,-0.901836,-0.764252,0.0788809,0.160187,0.329286,0.972713,-1.747,
0.242987,1.2029,2.35354,-1.66878,-1.01096,-0.902456,-0.765032,0.0789143,0.159715,0.329652,0.972736,-1.047,
0.243968,1.20206,2.35327,-1.66916,-1.00989,-0.903245,-0.766831,0.0789156,0.158951,0.32977,0.972797,-2.447,
0.244714,1.20135,2.35313,-1.6698,-1.00872,-0.904009,-0.768682,0.0789079,0.158217,0.32979,0.972821,-6.647,
0.245299,1.20095,2.3529,-1.67056,-1.00787,-0.904775,-0.770219,0.0789076,0.157618,0.329825,0.972725,-3.147,
0.245872,1.20047,2.35274,-1.67112,-1.00703,-0.905414,-0.771628,0.0789048,0.157058,0.329854,0.972699,-0.947,
0.246389,1.19994,2.35266,-1.67139,-1.00629,-0.905851,-0.772752,0.0788998,0.156597,0.329878,0.972756,-3.947,
0.246835,1.19956,2.35254,-1.6718,-1.00565,-0.906337,-0.773826,0.0788975,0.156168,0.329901,0.972743,-2.347,
0.247434,1.19897,2.35244,-1.67238,-1.00465,-0.906988,-0.775393,0.0788898,0.155551,0.329902,0.972753,0.053,
0.24854,1.19801,2.35213,-1.67272,-1.00349,-0.907846,-0.777337,0.0788912,0.154713,0.330035,0.972836,-5.347,
0.249494,1.19738,2.35173,-1.67327,-1.00261,-0.908748,-0.779051,0.0788997,0.153981,0.330177,0.972786,-4.747,
0.250355,1.19682,2.35135,-1.67381,-1.00181,-0.909595,-0.780636,0.0789075,0.153308,0.330303,0.972723,-0.647,
0.251128,1.19617,2.35112,-1.67399,-1.00107,-0.91017,-0.781897,0.0789103,0.152752,0.330408,0.97278,-2.447,
0.251836,1.19561,2.35088,-1.67422,-1.00041,-0.910732,-0.783078,0.0789138,0.152235,0.330505,0.97281,-3.447,
0.252447,1.19497,2.3508,-1.67502,-0.999211,-0.911503,-0.784927,0.0789014,0.151523,0.330466,0.972797,-2.847,
0.252974,1.19437,2.35078,-1.67576,-0.998054,-0.912192,-0.786653,0.078887,0.150866,0.330407,0.972799,-1.547,
0.253482,1.19376,2.35078,-1.67634,-0.996985,-0.912777,-0.7882,0.0788731,0.150269,0.330357,0.972838,-3.547,
0.254239,1.19316,2.35052,-1.67679,-0.996145,-0.913493,-0.789679,0.0788743,0.149646,0.330433,0.972832,-3.847,
0.254939,1.19266,2.35025,-1.67718,-0.995469,-0.914154,-0.790955,0.0788787,0.149099,0.330524,0.972805,-0.647,
0.255619,1.19206,2.35006,-1.67735,-0.994785,-0.914664,-0.792096,0.0788795,0.148597,0.330603,0.972863,-3.847,
0.256204,1.19143,2.35,-1.67814,-0.993587,-0.915421,-0.793919,0.0788657,0.147896,0.33055,0.972855,-4.347,
0.256685,1.19091,2.34996,-1.679,-0.992463,-0.916155,-0.795643,0.0788516,0.147248,0.330478,0.972813,-1.347,
0.25717,1.1903,2.34997,-1.67959,-0.991398,-0.916736,-0.797173,0.0788368,0.146658,0.330416,0.97285,-2.247,
0.257571,1.1898,2.34998,-1.68008,-0.990517,-0.917222,-0.79844,0.0788245,0.14617,0.330364,0.972878,-3.647,
0.257923,1.18941,2.34996,-1.68064,-0.989728,-0.917723,-0.799633,0.0788145,0.145716,0.330316,0.972863,-3.647,
0.258221,1.18908,2.34993,-1.68114,-0.989057,-0.918164,-0.800662,0.0788062,0.145326,0.330275,0.972841,-2.447,
0.258489,1.18875,2.34993,-1.68148,-0.988472,-0.9185,-0.801513,0.0787982,0.144998,0.33024,0.972854,-2.947,
0.258734,1.18846,2.34992,-1.68182,-0.987936,-0.918819,-0.802304,0.0787911,0.144694,0.330208,0.972859,-3.847,
0.259363,1.18798,2.34969,-1.68221,-0.987268,-0.919441,-0.803518,0.0787928,0.144178,0.330272,0.972836,-3.047,
0.260041,1.18746,2.34945,-1.68255,-0.986592,-0.920063,-0.804744,0.0787953,0.143647,0.330348,0.97283,-3.247,
0.260606,1.18702,2.34924,-1.68284,-0.986022,-0.920586,-0.805774,0.0787972,0.143202,0.33041,0.972824,-1.747,
0.26195,1.18618,2.34859,-1.68277,-0.985476,-0.921455,-0.807159,0.0788221,0.142485,0.330722,0.972855,-4.347,
0.263231,1.18549,2.34789,-1.68278,-0.985059,-0.922348,-0.808446,0.0788501,0.141814,0.33104,0.972825,-3.247,
0.264392,1.18484,2.34728,-1.68277,-0.984667,-0.923143,-0.809611,0.0788748,0.141205,0.331325,0.972809,-1.747,
0.265425,1.1842,2.34677,-1.68264,-0.984299,-0.923773,-0.810595,0.0788947,0.140677,0.331571,0.972843,-1.747,
0.266298,1.18365,2.34635,-1.68251,-0.983985,-0.92429,-0.811415,0.0789111,0.140235,0.331778,0.972882,-3.647,
0.267084,1.18321,2.34593,-1.6825,-0.983727,-0.924824,-0.812193,0.0789278,0.139826,0.331971,0.972871,-3.847,
0.268113,1.18253,2.34548,-1.68286,-0.982973,-0.925703,-0.813749,0.0789385,0.139117,0.332134,0.972841,-2.647,
0.268919,1.18194,2.34516,-1.68308,-0.982345,-0.926353,-0.814966,0.0789449,0.13856,0.332252,0.972847,-3.247,
0.269678,1.1814,2.34485,-1.68332,-0.981768,-0.926978,-0.81611,0.0789515,0.138037,0.332366,0.972843,-3.447,
0.270342,1.18075,2.34473,-1.68403,-0.980659,-0.927765,-0.817868,0.0789406,0.137335,0.332336,0.97283,-2.947,
0.270978,1.18008,2.34465,-1.68475,-0.979502,-0.928534,-0.81965,0.0789271,0.13663,0.332286,0.972828,-2.547,
0.271508,1.17951,2.34459,-1.68529,-0.978565,-0.929144,-0.82108,0.0789162,0.13606,0.332249,0.972841,-3.947,
0.271985,1.17903,2.34451,-1.68588,-0.977714,-0.929755,-0.822429,0.0789069,0.135527,0.332214,0.972818,-3.247,
0.2724,1.17861,2.34444,-1.68637,-0.97698,-0.930272,-0.823583,0.0788989,0.13507,0.332184,0.972805,-2.247,
0.272765,1.1782,2.34441,-1.6867,-0.976342,-0.930671,-0.824539,0.0788912,0.134685,0.332158,0.972825,-3.347,
0.273347,1.1776,2.34432,-1.68733,-0.975334,-0.931369,-0.826111,0.07888,0.134057,0.332119,0.97282,-2.947,
0.273917,1.17701,2.34424,-1.68793,-0.974354,-0.932044,-0.827635,0.0788691,0.133447,0.332082,0.972818,-1.147,
0.274409,1.17644,2.3442,-1.6883,-0.97352,-0.932535,-0.828855,0.0788587,0.132949,0.332051,0.972867,-4.347,
0.274832,1.17603,2.34412,-1.68881,-0.972794,-0.933078,-0.830021,0.0788511,0.132485,0.332023,0.972842,-3.647,
0.275878,1.17541,2.34358,-1.68891,-0.972338,-0.933856,-0.831203,0.0788693,0.131887,0.332244,0.972817,-1.647,
0.277014,1.17469,2.34303,-1.6888,-0.971902,-0.934571,-0.832319,0.0788892,0.131289,0.332494,0.972851,-2.047,
0.277927,1.1741,2.3426,-1.68871,-0.971536,-0.935144,-0.833226,0.0789046,0.130805,0.332692,0.972882,-2.547,
0.278776,1.17358,2.34218,-1.68865,-0.971209,-0.935695,-0.834076,0.0789194,0.130353,0.332878,0.972898,-4.647,
0.279888,1.17283,2.34169,-1.68906,-0.970403,-0.936667,-0.835748,0.0789295,0.129582,0.333037,0.972856,-3.047,
0.280929,1.17207,2.34127,-1.6894,-0.969587,-0.937548,-0.837342,0.0789363,0.128849,0.333171,0.972847,-4.547,
0.281862,1.17144,2.34086,-1.68978,-0.968879,-0.938384,-0.83879,0.0789436,0.128186,0.333296,0.972808,-2.147,
0.282695,1.17082,2.34054,-1.68999,-0.968234,-0.939051,-0.840023,0.0789486,0.127613,0.333402,0.972821,-2.347,
0.283401,1.17027,2.34027,-1.69014,-0.967687,-0.939596,-0.841049,0.0789525,0.127131,0.333492,0.972843,-2.947,
0.284048,1.16979,2.34002,-1.69031,-0.967193,-0.940122,-0.842007,0.0789565,0.126685,0.333576,0.972847,-2.447,
0.284588,1.16938,2.33982,-1.69043,-0.966779,-0.940543,-0.842791,0.0789596,0.126317,0.333644,0.972862,-2.447,
0.285094,1.16899,2.33963,-1.69052,-0.966392,-0.940929,-0.843518,0.0789623,0.125975,0.333708,0.972879,-3.647,
0.286139,1.16829,2.33916,-1.69076,-0.96573,-0.941765,-0.844929,0.0789731,0.125298,0.333871,0.972865,-3.747,
0.287153,1.16762,2.33869,-1.69099,-0.965107,-0.942583,-0.846289,0.0789842,0.124644,0.334032,0.972841,-3.247,
0.288073,1.167,2.33828,-1.69118,-0.964539,-0.943309,-0.847509,0.0789938,0.124055,0.334177,0.972831,-3.047,
0.288842,1.16648,2.33794,-1.69131,-0.964065,-0.943903,-0.848516,0.0790017,0.123566,0.334297,0.972829,-2.147,
0.28957,1.16595,2.33764,-1.69138,-0.963608,-0.944425,-0.849441,0.0790083,0.123111,0.334409,0.972852,-2.347,
0.290553,1.16535,2.33715,-1.69125,-0.96329,-0.945032,-0.850336,0.0790262,0.122611,0.334627,0.972874,-3.847,
0.291946,1.16462,2.33635,-1.69108,-0.963015,-0.945915,-0.851469,0.0790577,0.121948,0.334975,0.972853,-7.047,
0.293272,1.16406,2.3355,-1.69114,-0.962816,-0.946895,-0.852617,0.0790915,0.121298,0.335319,0.972741,-1.347,
0.294339,1.16327,2.33508,-1.69131,-0.962078,-0.947695,-0.854065,0.0790987,0.1206,0.335462,0.972768,-0.547,
0.29535,1.16242,2.33476,-1.69141,-0.961263,-0.948403,-0.855496,0.0791008,0.119918,0.335569,0.972846,-4.247,
0.296178,1.16184,2.33441,-1.69169,-0.960649,-0.949116,-0.856738,0.0791058,0.11934,0.335668,0.972824,-4.947,
0.296854,1.16142,2.33409,-1.69203,-0.960159,-0.949766,-0.857801,0.0791111,0.118852,0.33575,0.972765,-1.747,
0.297603,1.16065,2.33398,-1.69263,-0.959031,-0.950553,-0.859559,0.0790972,0.118121,0.335703,0.972788,-0.647,
0.298297,1.15983,2.33395,-1.69313,-0.957866,-0.95124,-0.861256,0.0790795,0.11742,0.335631,0.97286,-3.347,
0.298845,1.15926,2.33388,-1.69367,-0.956967,-0.951878,-0.86266,0.0790674,0.116847,0.335578,0.972859,-4.747,
0.299691,1.15866,2.33353,-1.69412,-0.956245,-0.952694,-0.864086,0.0790697,0.116204,0.335651,0.972808,-3.247,
0.300488,1.15809,2.3332,-1.69437,-0.955651,-0.953371,-0.865269,0.0790738,0.115649,0.335741,0.972795,-2.447,
0.301229,1.15752,2.33292,-1.69455,-0.955076,-0.95396,-0.866352,0.0790763,0.115137,0.335818,0.972809,-2.747,
0.301843,1.15705,2.33269,-1.6947,-0.954607,-0.95445,-0.867246,0.0790786,0.114714,0.335883,0.972818,-2.447,
0.302711,1.15632,2.33242,-1.69505,-0.953757,-0.955212,-0.868736,0.0790759,0.114042,0.335929,0.972834,-2.347,
0.303539,1.15561,2.33218,-1.69539,-0.952917,-0.95594,-0.870182,0.0790723,0.113392,0.335966,0.972854,-3.147,
0.304211,1.15505,2.33196,-1.69571,-0.95225,-0.956558,-0.871366,0.07907,0.112862,0.335998,0.972852,-4.947,
0.304812,1.15462,2.33172,-1.69613,-0.951665,-0.957198,-0.872491,0.0790693,0.112368,0.336027,0.972799,-2.347,
0.305717,1.15402,2.3313,-1.69619,-0.95121,-0.957845,-0.873528,0.0790797,0.111834,0.336176,0.972805,-2.047,
0.306824,1.15306,2.33098,-1.69663,-0.950091,-0.958812,-0.875449,0.0790743,0.110968,0.33622,0.972835,-2.647,
0.307879,1.15212,2.33069,-1.69718,-0.948924,-0.959801,-0.877427,0.0790662,0.110095,0.336236,0.972848,-1.947,
0.308753,1.15134,2.33046,-1.69757,-0.947981,-0.960582,-0.879009,0.0790597,0.109389,0.336254,0.972876,-3.147,
0.309558,1.15064,2.33023,-1.69799,-0.947118,-0.961342,-0.880495,0.0790543,0.108729,0.33627,0.972878,-5.247,
0.31022,1.15014,2.32998,-1.6985,-0.946426,-0.962075,-0.881797,0.0790513,0.108163,0.336284,0.972816,-1.447,
0.311208,1.14943,2.32956,-1.69856,-0.945845,-0.962775,-0.882991,0.079059,0.107556,0.33642,0.972844,-3.347,
0.312002,1.14859,2.32946,-1.69931,-0.944581,-0.963692,-0.884967,0.0790402,0.10674,0.33633,0.972844,-3.347,
0.312699,1.14779,2.32942,-1.70018,-0.943261,-0.964604,-0.886979,0.0790172,0.105933,0.336197,0.97283,-5.747,
0.313277,1.14722,2.32933,-1.70104,-0.942208,-0.965459,-0.888695,0.0790002,0.10525,0.336094,0.972756,-1.447,
0.314176,1.14643,2.32907,-1.70135,-0.941339,-0.966227,-0.890191,0.0789959,0.104564,0.336129,0.972785,-2.847,
0.315032,1.14574,2.32877,-1.70162,-0.940598,-0.966951,-0.891533,0.0789947,0.103937,0.336182,0.972798,-4.347,
0.315782,1.14518,2.32848,-1.702,-0.939953,-0.967672,-0.89278,0.0789944,0.103366,0.336227,0.972761,-1.647,
0.317361,1.14407,2.32779,-1.70204,-0.939111,-0.968775,-0.894586,0.0790084,0.102425,0.336453,0.972799,-1.547,
0.318621,1.14317,2.32724,-1.70202,-0.938464,-0.969621,-0.895975,0.07902,0.10169,0.336639,0.972843,-3.647,
0.31978,1.14241,2.32669,-1.70212,-0.937891,-0.970481,-0.897304,0.079032,0.100999,0.336812,0.972832,-4.847,
0.320713,1.14186,2.32621,-1.70231,-0.937456,-0.971244,-0.898411,0.079043,0.100431,0.336956,0.972779,-1.547,
0.321622,1.14122,2.32581,-1.70229,-0.936997,-0.971856,-0.899408,0.0790514,0.0999022,0.337088,0.972808,-1.847,
0.322913,1.1404,2.32517,-1.70209,-0.936582,-0.972633,-0.900533,0.0790709,0.0992447,0.337337,0.972846,-4.247,
0.324183,1.13969,2.32446,-1.70202,-0.936239,-0.973491,-0.901663,0.079093,0.0985916,0.337594,0.972818,-4.247,
0.325248,1.13912,2.32385,-1.70201,-0.935961,-0.974239,-0.902627,0.079112,0.0980394,0.33781,0.972777,-1.447,
0.326139,1.13836,2.32357,-1.70222,-0.935195,-0.974945,-0.903975,0.0791093,0.0973994,0.337855,0.972814,-1.547,
0.326928,1.13765,2.32337,-1.70244,-0.934426,-0.975582,-0.90526,0.0791036,0.0968024,0.337872,0.972859,-4.247,
0.327621,1.1371,2.32312,-1.7028,-0.933787,-0.976249,-0.906448,0.0791006,0.096261,0.337891,0.972833,-4.147,
0.328582,1.13651,2.32263,-1.70295,-0.933338,-0.977006,-0.907561,0.0791109,0.0956825,0.338032,0.972793,-1.947,
0.329501,1.1359,2.32221,-1.70289,-0.932943,-0.977602,-0.908486,0.079121,0.0951725,0.338177,0.972818,-2.447,
0.330338,1.13533,2.32182,-1.70284,-0.932575,-0.978149,-0.909339,0.0791298,0.0947044,0.338307,0.972839,-3.347,
0.33102,1.1349,2.32148,-1.70287,-0.932292,-0.978635,-0.910053,0.0791379,0.0943176,0.338415,0.972831,-2.047,
0.331669,1.13446,2.32119,-1.70281,-0.932008,-0.979047,-0.910703,0.0791446,0.0939578,0.338515,0.972854,-2.347,
0.332283,1.13404,2.32091,-1.70275,-0.931739,-0.979433,-0.911314,0.0791509,0.0936185,0.33861,0.972878,-4.047,
0.333011,1.13333,2.32078,-1.70341,-0.930709,-0.980273,-0.912998,0.0791352,0.0929072,0.338531,0.972852,-3.247,
0.333762,1.13256,2.32067,-1.7041,-0.92958,-0.981141,-0.914796,0.0791163,0.0921537,0.338431,0.972838,-2.647,
0.334379,1.13191,2.32059,-1.7046,-0.92867,-0.981812,-0.916219,0.0791011,0.0915507,0.338354,0.972848,-2.347,
0.334963,1.13128,2.32053,-1.70504,-0.927811,-0.982427,-0.917547,0.0790866,0.0909859,0.338281,0.972867,-3.247,
0.335435,1.1308,2.32046,-1.70545,-0.92712,-0.98296,-0.918645,0.0790752,0.0905214,0.338221,0.972862,-2.247,
0.335886,1.13031,2.32041,-1.70577,-0.926462,-0.983428,-0.919658,0.079064,0.0900889,0.338166,0.97288,-3.647,
0.336244,1.12995,2.32034,-1.70611,-0.925942,-0.983851,-0.920503,0.0790555,0.0897327,0.33812,0.972867,-5.147,
0.336554,1.1297,2.32025,-1.70654,-0.925493,-0.984307,-0.92131,0.0790487,0.0894015,0.338078,0.972805,-2.147,
0.337399,1.12904,2.31993,-1.70671,-0.924891,-0.984974,-0.922465,0.0790493,0.0888313,0.338139,0.972816,-2.647,
0.338234,1.12841,2.3196,-1.70682,-0.924345,-0.985605,-0.92354,0.0790513,0.0882893,0.338213,0.972831,-4.747,
0.338956,1.12794,2.31927,-1.70707,-0.923891,-0.986252,-0.924539,0.0790543,0.0877994,0.338277,0.972786,-2.347,
0.339983,1.1273,2.31874,-1.70697,-0.923565,-0.986911,-0.925454,0.0790686,0.0872641,0.338458,0.972792,-0.147,
0.340966,1.12662,2.31828,-1.70665,-0.92326,-0.987402,-0.926204,0.0790816,0.08679,0.338637,0.972872,-6.147,
0.342343,1.12595,2.31743,-1.70653,-0.923065,-0.988327,-0.927251,0.0791097,0.0861324,0.338939,0.972805,-3.447,
0.343807,1.12518,2.31656,-1.70628,-0.922855,-0.989228,-0.928297,0.0791389,0.0854528,0.33926,0.972778,-0.547,
0.344919,1.12449,2.31599,-1.70589,-0.92264,-0.989774,-0.929022,0.0791581,0.0849563,0.339494,0.972843,-3.847,
0.345948,1.12394,2.31539,-1.70568,-0.922488,-0.990387,-0.929745,0.0791782,0.0844821,0.339718,0.972835,-4.547,
0.346772,1.12355,2.31487,-1.70562,-0.922394,-0.990941,-0.930352,0.0791956,0.0840943,0.339901,0.972788,-2.447,
0.347565,1.12311,2.31442,-1.70542,-0.92227,-0.991391,-0.930896,0.0792106,0.0837326,0.340072,0.972795,-1.847,
0.348641,1.12254,2.31378,-1.70498,-0.922242,-0.991895,-0.931417,0.0792356,0.0833106,0.340344,0.97283,-5.147,
0.349589,1.12216,2.31312,-1.70476,-0.922302,-0.99246,-0.931904,0.0792614,0.082932,0.340601,0.972778,-2.647,
0.350474,1.12175,2.31256,-1.70445,-0.922322,-0.992919,-0.932333,0.0792837,0.0825857,0.340833,0.972773,-2.547,
0.351586,1.12087,2.31217,-1.70469,-0.921487,-0.993797,-0.933898,0.0792811,0.0818192,0.340886,0.972791,-3.247,
0.352585,1.12006,2.31184,-1.70507,-0.920617,-0.994673,-0.935485,0.0792746,0.0810726,0.340898,0.972785,-3.747,
0.353492,1.11935,2.31151,-1.70544,-0.919862,-0.995486,-0.936908,0.07927,0.0804005,0.340916,0.972763,-1.747,
0.354268,1.11869,2.31128,-1.70562,-0.919199,-0.996098,-0.93807,0.0792648,0.079842,0.340929,0.972793,-2.547,
0.354987,1.11809,2.31106,-1.70581,-0.91859,-0.996677,-0.93915,0.0792603,0.0793232,0.340942,0.972813,-3.847,
0.355588,1.11763,2.31084,-1.70606,-0.918097,-0.997226,-0.940094,0.0792573,0.0788773,0.340953,0.972791,-3.847,
0.357033,1.11684,2.31002,-1.70589,-0.917789,-0.998146,-0.941239,0.0792812,0.0781665,0.341228,0.972765,-2.747,
0.358568,1.11598,2.30916,-1.70558,-0.917505,-0.999046,-0.942351,0.0793077,0.0774433,0.341534,0.972768,-1.747,
0.359816,1.11524,2.30849,-1.70526,-0.917246,-0.999728,-0.943238,0.0793278,0.0768596,0.341777,0.972802,-1.447,
0.360981,1.11435,2.30805,-1.7053,-0.916532,-1.00053,-0.944626,0.0793292,0.0761342,0.341868,0.97285,-1.247,
0.361985,1.11352,2.30772,-1.7054,-0.91579,-1.00124,-0.945958,0.0793256,0.0754648,0.341911,0.972904,-3.347,
0.362808,1.11291,2.3074,-1.70558,-0.91523,-1.00189,-0.947064,0.0793248,0.0749126,0.341955,0.972901,-6.047,
0.363532,1.11247,2.30705,-1.70595,-0.914767,-1.00261,-0.948129,0.0793259,0.0743993,0.341995,0.972817,-3.447,
0.364153,1.11203,2.30679,-1.70614,-0.914354,-1.00314,-0.948986,0.0793257,0.0739761,0.342028,0.972792,0.153,
0.365356,1.11137,2.30609,-1.7055,-0.914364,-1.00361,-0.949448,0.0793536,0.0735368,0.342335,0.972868,-4.647,
0.366816,1.11063,2.30521,-1.70521,-0.914195,-1.00448,-0.950426,0.0793819,0.0728726,0.342644,0.972837,-2.047,
0.368241,1.10982,2.30442,-1.7049,-0.913921,-1.0053,-0.951447,0.0794051,0.0722018,0.342917,0.972849,-1.547,
0.369425,1.10912,2.30379,-1.70455,-0.913691,-1.00591,-0.952245,0.0794238,0.0716594,0.343144,0.972894,-3.947,
0.370496,1.10837,2.30334,-1.70475,-0.913057,-1.00674,-0.953586,0.0794254,0.0709719,0.34322,0.972875,-4.247,
0.371366,1.10775,2.30298,-1.70505,-0.912445,-1.00751,-0.954833,0.0794234,0.0703632,0.34325,0.972837,-2.747,
0.372196,1.10713,2.30267,-1.70523,-0.911872,-1.00816,-0.95595,0.0794214,0.0698049,0.343284,0.972837,-1.447,
0.372902,1.10654,2.30244,-1.70527,-0.911367,-1.00864,-0.956855,0.0794185,0.069343,0.343311,0.972881,-3.247,
0.37393,1.10592,2.30192,-1.70517,-0.911034,-1.00929,-0.957767,0.0794298,0.0688018,0.343463,0.972883,-5.447,
0.37488,1.10527,2.30151,-1.70558,-0.910369,-1.01017,-0.959164,0.0794274,0.0681261,0.34349,0.972814,-2.147,
0.375691,1.10458,2.30128,-1.70584,-0.909654,-1.01085,-0.960429,0.0794192,0.0675241,0.343475,0.972827,-1.247,
0.377047,1.10361,2.30071,-1.70575,-0.908992,-1.0117,-0.961825,0.0794249,0.0667462,0.34361,0.97288,-5.147,
0.378256,1.10289,2.30008,-1.70586,-0.908516,-1.0126,-0.963083,0.079435,0.0660505,0.343754,0.97283,-2.847,
0.379375,1.10218,2.29954,-1.70588,-0.908049,-1.01337,-0.964222,0.0794429,0.0654138,0.343882,0.972819,-2.147,
0.38032,1.10153,2.29912,-1.7058,-0.907641,-1.01397,-0.965146,0.0794488,0.0648868,0.343988,0.972845,-1.747,
0.381974,1.10051,2.29828,-1.7055,-0.907166,-1.01492,-0.966475,0.0794678,0.0640565,0.344243,0.972882,-4.947,
0.383558,1.09964,2.29739,-1.70537,-0.906795,-1.01596,-0.967772,0.0794898,0.0632554,0.344503,0.972837,-6.647,
0.385006,1.09891,2.29653,-1.70546,-0.906443,-1.01703,-0.969075,0.0795097,0.0624875,0.344729,0.972731,-1.347,
0.386644,1.09789,2.29572,-1.70524,-0.905913,-1.01802,-0.970482,0.0795258,0.0616357,0.344956,0.972755,0.053,
0.388067,1.09692,2.29508,-1.70489,-0.905411,-1.01877,-0.97165,0.0795376,0.0609111,0.345147,0.972844,-1.847,
0.389368,1.09607,2.29445,-1.70465,-0.904977,-1.01951,-0.972741,0.0795495,0.0602414,0.345324,0.972889,-3.447,
0.391038,1.09503,2.29363,-1.70459,-0.904352,-1.02061,-0.974331,0.0795624,0.0593233,0.345522,0.97288,-5.547,
0.39254,1.09416,2.29284,-1.7047,-0.903814,-1.02171,-0.97583,0.0795752,0.058477,0.345698,0.97281,-1.047,
0.393961,1.09322,2.29219,-1.70455,-0.903256,-1.02257,-0.977143,0.0795845,0.0577066,0.345859,0.972847,-2.047,
0.395143,1.09243,2.29165,-1.7044,-0.902792,-1.02328,-0.978225,0.079592,0.0570684,0.345993,0.972884,-1.747,
